{
  "clear": {
    "color": [0.0, 0.0, 0.0, 1.0],
    "depth": 1.0
  },
  "projection": {
    "fieldOfView": 1.57079632679,
    "z": {
      "near": 0.1,
      "far": 100.0
    }
  },
  "azimuth": 1.57079632679,
  "distance": {
    "velocity": 25.0,
    "min": 0.1,
    "max": 100.0
  },
  "elevation": 1.57079632679,
  "rotation": 1.57079632679
}